{
    "accuracy": 0.9767906164212627,
    "precision": 0.9768027251685955,
    "recall": 0.9767906164212627,
    "f1_score": 0.9767854555552221,
    "classification_report": {
        "Commuting": {
            "precision": 0.9987546699875467,
            "recall": 0.9962732919254659,
            "f1-score": 0.9975124378109452,
            "support": 805.0
        },
        "Dining": {
            "precision": 0.9975155279503105,
            "recall": 0.9975155279503105,
            "f1-score": 0.9975155279503105,
            "support": 805.0
        },
        "Other": {
            "precision": 0.9581749049429658,
            "recall": 0.9485570890840652,
            "f1-score": 0.9533417402269861,
            "support": 797.0
        },
        "Socializing": {
            "precision": 0.9606396063960639,
            "recall": 0.9713930348258707,
            "f1-score": 0.9659863945578231,
            "support": 804.0
        },
        "Studying": {
            "precision": 0.9686323713927227,
            "recall": 0.9698492462311558,
            "f1-score": 0.9692404268675455,
            "support": 796.0
        },
        "accuracy": 0.9767906164212627,
        "macro avg": {
            "precision": 0.9767434161339219,
            "recall": 0.9767176380033735,
            "f1-score": 0.9767193054827221,
            "support": 4007.0
        },
        "weighted avg": {
            "precision": 0.9768027251685955,
            "recall": 0.9767906164212627,
            "f1-score": 0.9767854555552221,
            "support": 4007.0
        }
    },
    "confusion_matrix": [
        [
            802,
            0,
            0,
            1,
            2
        ],
        [
            0,
            803,
            1,
            1,
            0
        ],
        [
            0,
            1,
            756,
            21,
            19
        ],
        [
            1,
            1,
            17,
            781,
            4
        ],
        [
            0,
            0,
            15,
            9,
            772
        ]
    ],
    "class_names": [
        "Commuting",
        "Dining",
        "Other",
        "Socializing",
        "Studying"
    ]
}